{"cameraMode":{"drawMode":0,"name":"Shaded","section":"Shading Mode"},"sceneLighting":true,"audioPlay":false,"sceneViewState":{"m_AlwaysRefresh":false,"showFog":true,"showSkybox":true,"showFlares":true,"showImageEffects":true,"showParticleSystems":true,"showVisualEffectGraphs":true,"m_FxEnabled":true},"in2DMode":false,"pivot":{"x":-15.047809600830079,"y":24.446823120117189,"z":10.95610523223877},"rotation":{"x":0.6589389443397522,"y":0.0000015687929817431723,"z":-8.001815103853005e-7,"w":0.7522101402282715},"size":70.4991455078125,"orthographic":false}